{
    "task_instances": [
        {
            "deadline": 10.0,
            "arrival_time": 0.0,
            "execution_time": 0.08855,
            "id": "1_1"
        },
        {
            "deadline": 20.0,
            "arrival_time": 10.0,
            "execution_time": 0.08855,
            "id": "1_2"
        },
        {
            "deadline": 30.0,
            "arrival_time": 20.0,
            "execution_time": 0.08855,
            "id": "1_3"
        },
        {
            "deadline": 40.0,
            "arrival_time": 30.0,
            "execution_time": 0.08855,
            "id": "1_4"
        },
        {
            "deadline": 10.0,
            "arrival_time": 0.0,
            "execution_time": 0.385802,
            "id": "2_1"
        },
        {
            "deadline": 20.0,
            "arrival_time": 10.0,
            "execution_time": 0.385802,
            "id": "2_2"
        },
        {
            "deadline": 30.0,
            "arrival_time": 20.0,
            "execution_time": 0.385802,
            "id": "2_3"
        },
        {
            "deadline": 40.0,
            "arrival_time": 30.0,
            "execution_time": 0.385802,
            "id": "2_4"
        },
        {
            "deadline": 10.0,
            "arrival_time": 0.0,
            "execution_time": 0.138463,
            "id": "3_1"
        },
        {
            "deadline": 20.0,
            "arrival_time": 10.0,
            "execution_time": 0.138463,
            "id": "3_2"
        },
        {
            "deadline": 30.0,
            "arrival_time": 20.0,
            "execution_time": 0.138463,
            "id": "3_3"
        },
        {
            "deadline": 40.0,
            "arrival_time": 30.0,
            "execution_time": 0.138463,
            "id": "3_4"
        },
        {
            "deadline": 10.0,
            "arrival_time": 0.0,
            "execution_time": 0.383586,
            "id": "4_1"
        },
        {
            "deadline": 20.0,
            "arrival_time": 10.0,
            "execution_time": 0.383586,
            "id": "4_2"
        },
        {
            "deadline": 30.0,
            "arrival_time": 20.0,
            "execution_time": 0.383586,
            "id": "4_3"
        },
        {
            "deadline": 40.0,
            "arrival_time": 30.0,
            "execution_time": 0.383586,
            "id": "4_4"
        },
        {
            "deadline": 10.0,
            "arrival_time": 0.0,
            "execution_time": 0.008988,
            "id": "5_1"
        },
        {
            "deadline": 20.0,
            "arrival_time": 10.0,
            "execution_time": 0.008988,
            "id": "5_2"
        },
        {
            "deadline": 30.0,
            "arrival_time": 20.0,
            "execution_time": 0.008988,
            "id": "5_3"
        },
        {
            "deadline": 40.0,
            "arrival_time": 30.0,
            "execution_time": 0.008988,
            "id": "5_4"
        },
        {
            "deadline": 20.0,
            "arrival_time": 0.0,
            "execution_time": 1.852127,
            "id": "6_1"
        },
        {
            "deadline": 40.0,
            "arrival_time": 20.0,
            "execution_time": 1.852127,
            "id": "6_2"
        },
        {
            "deadline": 40.0,
            "arrival_time": 0.0,
            "execution_time": 1.638344,
            "id": "7_1"
        },
        {
            "deadline": 40.0,
            "arrival_time": 0.0,
            "execution_time": 1.101302,
            "id": "8_1"
        },
        {
            "deadline": 40.0,
            "arrival_time": 0.0,
            "execution_time": 0.574995,
            "id": "9_1"
        },
        {
            "deadline": 40.0,
            "arrival_time": 0.0,
            "execution_time": 0.959538,
            "id": "10_1"
        }
    ],
    "hyper_period": 40
}