{
    "task_instances": [
        {
            "deadline": 10.0,
            "arrival_time": 0.0,
            "execution_time": 0.346423,
            "id": "1_1"
        },
        {
            "deadline": 20.0,
            "arrival_time": 10.0,
            "execution_time": 0.346423,
            "id": "1_2"
        },
        {
            "deadline": 30.0,
            "arrival_time": 20.0,
            "execution_time": 0.346423,
            "id": "1_3"
        },
        {
            "deadline": 40.0,
            "arrival_time": 30.0,
            "execution_time": 0.346423,
            "id": "1_4"
        },
        {
            "deadline": 50.0,
            "arrival_time": 40.0,
            "execution_time": 0.346423,
            "id": "1_5"
        },
        {
            "deadline": 60.0,
            "arrival_time": 50.0,
            "execution_time": 0.346423,
            "id": "1_6"
        },
        {
            "deadline": 70.0,
            "arrival_time": 60.0,
            "execution_time": 0.346423,
            "id": "1_7"
        },
        {
            "deadline": 80.0,
            "arrival_time": 70.0,
            "execution_time": 0.346423,
            "id": "1_8"
        },
        {
            "deadline": 90.0,
            "arrival_time": 80.0,
            "execution_time": 0.346423,
            "id": "1_9"
        },
        {
            "deadline": 100.0,
            "arrival_time": 90.0,
            "execution_time": 0.346423,
            "id": "1_10"
        },
        {
            "deadline": 110.0,
            "arrival_time": 100.0,
            "execution_time": 0.346423,
            "id": "1_11"
        },
        {
            "deadline": 120.0,
            "arrival_time": 110.0,
            "execution_time": 0.346423,
            "id": "1_12"
        },
        {
            "deadline": 20.0,
            "arrival_time": 0.0,
            "execution_time": 0.786765,
            "id": "2_1"
        },
        {
            "deadline": 40.0,
            "arrival_time": 20.0,
            "execution_time": 0.786765,
            "id": "2_2"
        },
        {
            "deadline": 60.0,
            "arrival_time": 40.0,
            "execution_time": 0.786765,
            "id": "2_3"
        },
        {
            "deadline": 80.0,
            "arrival_time": 60.0,
            "execution_time": 0.786765,
            "id": "2_4"
        },
        {
            "deadline": 100.0,
            "arrival_time": 80.0,
            "execution_time": 0.786765,
            "id": "2_5"
        },
        {
            "deadline": 120.0,
            "arrival_time": 100.0,
            "execution_time": 0.786765,
            "id": "2_6"
        },
        {
            "deadline": 20.0,
            "arrival_time": 0.0,
            "execution_time": 0.272589,
            "id": "3_1"
        },
        {
            "deadline": 40.0,
            "arrival_time": 20.0,
            "execution_time": 0.272589,
            "id": "3_2"
        },
        {
            "deadline": 60.0,
            "arrival_time": 40.0,
            "execution_time": 0.272589,
            "id": "3_3"
        },
        {
            "deadline": 80.0,
            "arrival_time": 60.0,
            "execution_time": 0.272589,
            "id": "3_4"
        },
        {
            "deadline": 100.0,
            "arrival_time": 80.0,
            "execution_time": 0.272589,
            "id": "3_5"
        },
        {
            "deadline": 120.0,
            "arrival_time": 100.0,
            "execution_time": 0.272589,
            "id": "3_6"
        },
        {
            "deadline": 20.0,
            "arrival_time": 0.0,
            "execution_time": 1.310634,
            "id": "4_1"
        },
        {
            "deadline": 40.0,
            "arrival_time": 20.0,
            "execution_time": 1.310634,
            "id": "4_2"
        },
        {
            "deadline": 60.0,
            "arrival_time": 40.0,
            "execution_time": 1.310634,
            "id": "4_3"
        },
        {
            "deadline": 80.0,
            "arrival_time": 60.0,
            "execution_time": 1.310634,
            "id": "4_4"
        },
        {
            "deadline": 100.0,
            "arrival_time": 80.0,
            "execution_time": 1.310634,
            "id": "4_5"
        },
        {
            "deadline": 120.0,
            "arrival_time": 100.0,
            "execution_time": 1.310634,
            "id": "4_6"
        },
        {
            "deadline": 20.0,
            "arrival_time": 0.0,
            "execution_time": 1.368603,
            "id": "5_1"
        },
        {
            "deadline": 40.0,
            "arrival_time": 20.0,
            "execution_time": 1.368603,
            "id": "5_2"
        },
        {
            "deadline": 60.0,
            "arrival_time": 40.0,
            "execution_time": 1.368603,
            "id": "5_3"
        },
        {
            "deadline": 80.0,
            "arrival_time": 60.0,
            "execution_time": 1.368603,
            "id": "5_4"
        },
        {
            "deadline": 100.0,
            "arrival_time": 80.0,
            "execution_time": 1.368603,
            "id": "5_5"
        },
        {
            "deadline": 120.0,
            "arrival_time": 100.0,
            "execution_time": 1.368603,
            "id": "5_6"
        },
        {
            "deadline": 30.0,
            "arrival_time": 0.0,
            "execution_time": 3.507588,
            "id": "6_1"
        },
        {
            "deadline": 60.0,
            "arrival_time": 30.0,
            "execution_time": 3.507588,
            "id": "6_2"
        },
        {
            "deadline": 90.0,
            "arrival_time": 60.0,
            "execution_time": 3.507588,
            "id": "6_3"
        },
        {
            "deadline": 120.0,
            "arrival_time": 90.0,
            "execution_time": 3.507588,
            "id": "6_4"
        },
        {
            "deadline": 30.0,
            "arrival_time": 0.0,
            "execution_time": 0.345061,
            "id": "7_1"
        },
        {
            "deadline": 60.0,
            "arrival_time": 30.0,
            "execution_time": 0.345061,
            "id": "7_2"
        },
        {
            "deadline": 90.0,
            "arrival_time": 60.0,
            "execution_time": 0.345061,
            "id": "7_3"
        },
        {
            "deadline": 120.0,
            "arrival_time": 90.0,
            "execution_time": 0.345061,
            "id": "7_4"
        },
        {
            "deadline": 40.0,
            "arrival_time": 0.0,
            "execution_time": 1.054858,
            "id": "8_1"
        },
        {
            "deadline": 80.0,
            "arrival_time": 40.0,
            "execution_time": 1.054858,
            "id": "8_2"
        },
        {
            "deadline": 120.0,
            "arrival_time": 80.0,
            "execution_time": 1.054858,
            "id": "8_3"
        },
        {
            "deadline": 40.0,
            "arrival_time": 0.0,
            "execution_time": 2.831159,
            "id": "9_1"
        },
        {
            "deadline": 80.0,
            "arrival_time": 40.0,
            "execution_time": 2.831159,
            "id": "9_2"
        },
        {
            "deadline": 120.0,
            "arrival_time": 80.0,
            "execution_time": 2.831159,
            "id": "9_3"
        },
        {
            "deadline": 40.0,
            "arrival_time": 0.0,
            "execution_time": 2.114237,
            "id": "10_1"
        },
        {
            "deadline": 80.0,
            "arrival_time": 40.0,
            "execution_time": 2.114237,
            "id": "10_2"
        },
        {
            "deadline": 120.0,
            "arrival_time": 80.0,
            "execution_time": 2.114237,
            "id": "10_3"
        }
    ],
    "hyper_period": 120
}