{
    "task_instances": [
        {
            "deadline": 10.0,
            "arrival_time": 0.0,
            "execution_time": 0.183224,
            "id": "1_1"
        },
        {
            "deadline": 20.0,
            "arrival_time": 10.0,
            "execution_time": 0.183224,
            "id": "1_2"
        },
        {
            "deadline": 30.0,
            "arrival_time": 20.0,
            "execution_time": 0.183224,
            "id": "1_3"
        },
        {
            "deadline": 40.0,
            "arrival_time": 30.0,
            "execution_time": 0.183224,
            "id": "1_4"
        },
        {
            "deadline": 50.0,
            "arrival_time": 40.0,
            "execution_time": 0.183224,
            "id": "1_5"
        },
        {
            "deadline": 60.0,
            "arrival_time": 50.0,
            "execution_time": 0.183224,
            "id": "1_6"
        },
        {
            "deadline": 70.0,
            "arrival_time": 60.0,
            "execution_time": 0.183224,
            "id": "1_7"
        },
        {
            "deadline": 80.0,
            "arrival_time": 70.0,
            "execution_time": 0.183224,
            "id": "1_8"
        },
        {
            "deadline": 90.0,
            "arrival_time": 80.0,
            "execution_time": 0.183224,
            "id": "1_9"
        },
        {
            "deadline": 100.0,
            "arrival_time": 90.0,
            "execution_time": 0.183224,
            "id": "1_10"
        },
        {
            "deadline": 110.0,
            "arrival_time": 100.0,
            "execution_time": 0.183224,
            "id": "1_11"
        },
        {
            "deadline": 120.0,
            "arrival_time": 110.0,
            "execution_time": 0.183224,
            "id": "1_12"
        },
        {
            "deadline": 10.0,
            "arrival_time": 0.0,
            "execution_time": 2.860552,
            "id": "2_1"
        },
        {
            "deadline": 20.0,
            "arrival_time": 10.0,
            "execution_time": 2.860552,
            "id": "2_2"
        },
        {
            "deadline": 30.0,
            "arrival_time": 20.0,
            "execution_time": 2.860552,
            "id": "2_3"
        },
        {
            "deadline": 40.0,
            "arrival_time": 30.0,
            "execution_time": 2.860552,
            "id": "2_4"
        },
        {
            "deadline": 50.0,
            "arrival_time": 40.0,
            "execution_time": 2.860552,
            "id": "2_5"
        },
        {
            "deadline": 60.0,
            "arrival_time": 50.0,
            "execution_time": 2.860552,
            "id": "2_6"
        },
        {
            "deadline": 70.0,
            "arrival_time": 60.0,
            "execution_time": 2.860552,
            "id": "2_7"
        },
        {
            "deadline": 80.0,
            "arrival_time": 70.0,
            "execution_time": 2.860552,
            "id": "2_8"
        },
        {
            "deadline": 90.0,
            "arrival_time": 80.0,
            "execution_time": 2.860552,
            "id": "2_9"
        },
        {
            "deadline": 100.0,
            "arrival_time": 90.0,
            "execution_time": 2.860552,
            "id": "2_10"
        },
        {
            "deadline": 110.0,
            "arrival_time": 100.0,
            "execution_time": 2.860552,
            "id": "2_11"
        },
        {
            "deadline": 120.0,
            "arrival_time": 110.0,
            "execution_time": 2.860552,
            "id": "2_12"
        },
        {
            "deadline": 10.0,
            "arrival_time": 0.0,
            "execution_time": 0.370671,
            "id": "3_1"
        },
        {
            "deadline": 20.0,
            "arrival_time": 10.0,
            "execution_time": 0.370671,
            "id": "3_2"
        },
        {
            "deadline": 30.0,
            "arrival_time": 20.0,
            "execution_time": 0.370671,
            "id": "3_3"
        },
        {
            "deadline": 40.0,
            "arrival_time": 30.0,
            "execution_time": 0.370671,
            "id": "3_4"
        },
        {
            "deadline": 50.0,
            "arrival_time": 40.0,
            "execution_time": 0.370671,
            "id": "3_5"
        },
        {
            "deadline": 60.0,
            "arrival_time": 50.0,
            "execution_time": 0.370671,
            "id": "3_6"
        },
        {
            "deadline": 70.0,
            "arrival_time": 60.0,
            "execution_time": 0.370671,
            "id": "3_7"
        },
        {
            "deadline": 80.0,
            "arrival_time": 70.0,
            "execution_time": 0.370671,
            "id": "3_8"
        },
        {
            "deadline": 90.0,
            "arrival_time": 80.0,
            "execution_time": 0.370671,
            "id": "3_9"
        },
        {
            "deadline": 100.0,
            "arrival_time": 90.0,
            "execution_time": 0.370671,
            "id": "3_10"
        },
        {
            "deadline": 110.0,
            "arrival_time": 100.0,
            "execution_time": 0.370671,
            "id": "3_11"
        },
        {
            "deadline": 120.0,
            "arrival_time": 110.0,
            "execution_time": 0.370671,
            "id": "3_12"
        },
        {
            "deadline": 10.0,
            "arrival_time": 0.0,
            "execution_time": 0.199889,
            "id": "4_1"
        },
        {
            "deadline": 20.0,
            "arrival_time": 10.0,
            "execution_time": 0.199889,
            "id": "4_2"
        },
        {
            "deadline": 30.0,
            "arrival_time": 20.0,
            "execution_time": 0.199889,
            "id": "4_3"
        },
        {
            "deadline": 40.0,
            "arrival_time": 30.0,
            "execution_time": 0.199889,
            "id": "4_4"
        },
        {
            "deadline": 50.0,
            "arrival_time": 40.0,
            "execution_time": 0.199889,
            "id": "4_5"
        },
        {
            "deadline": 60.0,
            "arrival_time": 50.0,
            "execution_time": 0.199889,
            "id": "4_6"
        },
        {
            "deadline": 70.0,
            "arrival_time": 60.0,
            "execution_time": 0.199889,
            "id": "4_7"
        },
        {
            "deadline": 80.0,
            "arrival_time": 70.0,
            "execution_time": 0.199889,
            "id": "4_8"
        },
        {
            "deadline": 90.0,
            "arrival_time": 80.0,
            "execution_time": 0.199889,
            "id": "4_9"
        },
        {
            "deadline": 100.0,
            "arrival_time": 90.0,
            "execution_time": 0.199889,
            "id": "4_10"
        },
        {
            "deadline": 110.0,
            "arrival_time": 100.0,
            "execution_time": 0.199889,
            "id": "4_11"
        },
        {
            "deadline": 120.0,
            "arrival_time": 110.0,
            "execution_time": 0.199889,
            "id": "4_12"
        },
        {
            "deadline": 20.0,
            "arrival_time": 0.0,
            "execution_time": 0.343922,
            "id": "5_1"
        },
        {
            "deadline": 40.0,
            "arrival_time": 20.0,
            "execution_time": 0.343922,
            "id": "5_2"
        },
        {
            "deadline": 60.0,
            "arrival_time": 40.0,
            "execution_time": 0.343922,
            "id": "5_3"
        },
        {
            "deadline": 80.0,
            "arrival_time": 60.0,
            "execution_time": 0.343922,
            "id": "5_4"
        },
        {
            "deadline": 100.0,
            "arrival_time": 80.0,
            "execution_time": 0.343922,
            "id": "5_5"
        },
        {
            "deadline": 120.0,
            "arrival_time": 100.0,
            "execution_time": 0.343922,
            "id": "5_6"
        },
        {
            "deadline": 20.0,
            "arrival_time": 0.0,
            "execution_time": 7.272812,
            "id": "6_1"
        },
        {
            "deadline": 40.0,
            "arrival_time": 20.0,
            "execution_time": 7.272812,
            "id": "6_2"
        },
        {
            "deadline": 60.0,
            "arrival_time": 40.0,
            "execution_time": 7.272812,
            "id": "6_3"
        },
        {
            "deadline": 80.0,
            "arrival_time": 60.0,
            "execution_time": 7.272812,
            "id": "6_4"
        },
        {
            "deadline": 100.0,
            "arrival_time": 80.0,
            "execution_time": 7.272812,
            "id": "6_5"
        },
        {
            "deadline": 120.0,
            "arrival_time": 100.0,
            "execution_time": 7.272812,
            "id": "6_6"
        },
        {
            "deadline": 30.0,
            "arrival_time": 0.0,
            "execution_time": 3.406151,
            "id": "7_1"
        },
        {
            "deadline": 60.0,
            "arrival_time": 30.0,
            "execution_time": 3.406151,
            "id": "7_2"
        },
        {
            "deadline": 90.0,
            "arrival_time": 60.0,
            "execution_time": 3.406151,
            "id": "7_3"
        },
        {
            "deadline": 120.0,
            "arrival_time": 90.0,
            "execution_time": 3.406151,
            "id": "7_4"
        },
        {
            "deadline": 30.0,
            "arrival_time": 0.0,
            "execution_time": 2.201549,
            "id": "8_1"
        },
        {
            "deadline": 60.0,
            "arrival_time": 30.0,
            "execution_time": 2.201549,
            "id": "8_2"
        },
        {
            "deadline": 90.0,
            "arrival_time": 60.0,
            "execution_time": 2.201549,
            "id": "8_3"
        },
        {
            "deadline": 120.0,
            "arrival_time": 90.0,
            "execution_time": 2.201549,
            "id": "8_4"
        },
        {
            "deadline": 40.0,
            "arrival_time": 0.0,
            "execution_time": 2.683187,
            "id": "9_1"
        },
        {
            "deadline": 80.0,
            "arrival_time": 40.0,
            "execution_time": 2.683187,
            "id": "9_2"
        },
        {
            "deadline": 120.0,
            "arrival_time": 80.0,
            "execution_time": 2.683187,
            "id": "9_3"
        },
        {
            "deadline": 40.0,
            "arrival_time": 0.0,
            "execution_time": 0.149055,
            "id": "10_1"
        },
        {
            "deadline": 80.0,
            "arrival_time": 40.0,
            "execution_time": 0.149055,
            "id": "10_2"
        },
        {
            "deadline": 120.0,
            "arrival_time": 80.0,
            "execution_time": 0.149055,
            "id": "10_3"
        }
    ],
    "hyper_period": 120
}